gap0	seed	step	nn_head	largest	n_lip
1.8	0	5000	1.98914	6	28
1.8	0	10000	1.76326	4	28
1.8	0	15000	1.71280	6	28
1.8	0	20000	2.17977	5	28
1.8	0	25000	2.13505	7	28
1.8	0	30000	1.66068	6	28
1.8	0	35000	1.87860	5	28
1.8	0	40000	1.56616	6	28
1.8	0	45000	1.92841	7	28
1.8	0	50000	1.65460	7	28
1.8	0	55000	1.67961	8	28
1.8	0	60000	1.79522	4	28
1.8	0	65000	2.21410	5	28
1.8	0	70000	1.84284	6	28
1.8	0	75000	2.05171	5	28
1.8	0	80000	1.94397	6	28
1.8	0	85000	1.72203	5	28
1.8	0	90000	1.86789	5	28
1.8	0	95000	1.82097	6	28
1.8	0	100000	1.78300	8	28
1.8	1	5000	1.63577	9	28
1.8	1	10000	1.85908	8	28
1.8	1	15000	1.70216	5	28
1.8	1	20000	1.85828	4	28
1.8	1	25000	1.80951	6	28
1.8	1	30000	1.93934	5	28
1.8	1	35000	2.07368	4	28
1.8	1	40000	2.01456	5	28
1.8	1	45000	1.86658	6	28
1.8	1	50000	1.77422	5	28
1.8	1	55000	2.00479	3	28
1.8	1	60000	1.79865	4	28
1.8	1	65000	2.08865	4	28
1.8	1	70000	1.67999	5	28
1.8	1	75000	1.68070	5	28
1.8	1	80000	2.04726	4	28
1.8	1	85000	2.17113	5	28
1.8	1	90000	1.90365	4	28
1.8	1	95000	1.86932	4	28
1.8	1	100000	1.90598	5	28
1.8	2	5000	1.99747	5	28
1.8	2	10000	1.89537	4	28
1.8	2	15000	1.67081	3	28
1.8	2	20000	1.92716	6	28
1.8	2	25000	1.91708	6	28
1.8	2	30000	1.74489	7	28
1.8	2	35000	2.10428	6	28
1.8	2	40000	2.01003	7	28
1.8	2	45000	1.88246	7	28
1.8	2	50000	1.62374	6	28
1.8	2	55000	1.74786	4	28
1.8	2	60000	1.91185	5	28
1.8	2	65000	1.87905	5	28
1.8	2	70000	1.88487	5	28
1.8	2	75000	1.89892	5	28
1.8	2	80000	2.00572	5	28
1.8	2	85000	1.70724	3	28
1.8	2	90000	1.88893	4	28
1.8	2	95000	1.69305	4	28
1.8	2	100000	1.68238	5	28
2.05	0	5000	2.15140	7	28
2.05	0	10000	2.23386	5	28
2.05	0	15000	2.00904	4	28
2.05	0	20000	1.88424	4	28
2.05	0	25000	2.17906	4	28
2.05	0	30000	2.30567	5	28
2.05	0	35000	2.42376	5	28
2.05	0	40000	1.75723	3	28
2.05	0	45000	2.04019	4	28
2.05	0	50000	1.64081	3	28
2.05	0	55000	1.81847	4	28
2.05	0	60000	1.74079	6	28
2.05	0	65000	2.14317	4	28
2.05	0	70000	2.10163	4	28
2.05	0	75000	2.28786	4	28
2.05	0	80000	2.25424	3	28
2.05	0	85000	1.74729	5	28
2.05	0	90000	2.02234	4	28
2.05	0	95000	2.13656	4	28
2.05	0	100000	1.61382	4	28
2.05	1	5000	1.66454	6	28
2.05	1	10000	1.52527	5	28
2.05	1	15000	1.66568	4	28
2.05	1	20000	1.72373	7	28
2.05	1	25000	1.80425	5	28
2.05	1	30000	1.53985	5	28
2.05	1	35000	1.94595	5	28
2.05	1	40000	1.94706	4	28
2.05	1	45000	1.69064	4	28
2.05	1	50000	1.83563	4	28
2.05	1	55000	1.97081	3	28
2.05	1	60000	1.95859	4	28
2.05	1	65000	1.92409	4	28
2.05	1	70000	1.83723	6	28
2.05	1	75000	1.90813	5	28
2.05	1	80000	1.91810	5	28
2.05	1	85000	1.89958	3	28
2.05	1	90000	1.86518	3	28
2.05	1	95000	2.13185	4	28
2.05	1	100000	1.86682	5	28
2.05	2	5000	2.29417	6	28
2.05	2	10000	2.15798	5	28
2.05	2	15000	1.77813	5	28
2.05	2	20000	1.95470	5	28
2.05	2	25000	2.30297	4	28
2.05	2	30000	2.21487	6	28
2.05	2	35000	2.30164	6	28
2.05	2	40000	2.39125	3	28
2.05	2	45000	2.05142	4	28
2.05	2	50000	2.07787	3	28
2.05	2	55000	2.35692	3	28
2.05	2	60000	2.03086	5	28
2.05	2	65000	2.07274	3	28
2.05	2	70000	1.87578	5	28
2.05	2	75000	2.11938	2	28
2.05	2	80000	1.90675	4	28
2.05	2	85000	2.05310	5	28
2.05	2	90000	2.04092	5	28
2.05	2	95000	2.35204	3	28
2.05	2	100000	2.10125	6	28
2.3	0	5000	1.91429	4	28
2.3	0	10000	1.93949	6	28
2.3	0	15000	1.80028	3	28
2.3	0	20000	1.95806	4	28
2.3	0	25000	2.15548	4	28
2.3	0	30000	2.06525	3	28
2.3	0	35000	1.74894	4	28
2.3	0	40000	2.05759	4	28
2.3	0	45000	1.95481	6	28
2.3	0	50000	1.99852	4	28
2.3	0	55000	2.34965	4	28
2.3	0	60000	2.08379	3	28
2.3	0	65000	1.65510	4	28
2.3	0	70000	1.96779	6	28
2.3	0	75000	1.77664	7	28
2.3	0	80000	2.07139	5	28
2.3	0	85000	2.10987	5	28
2.3	0	90000	2.15462	4	28
2.3	0	95000	1.84189	4	28
2.3	0	100000	1.94867	5	28
2.3	1	5000	1.68583	5	28
2.3	1	10000	1.71497	4	28
2.3	1	15000	2.14184	5	28
2.3	1	20000	1.91753	7	28
2.3	1	25000	2.20053	3	28
2.3	1	30000	1.63743	7	28
2.3	1	35000	2.10563	4	28
2.3	1	40000	2.02258	4	28
2.3	1	45000	1.71695	5	28
2.3	1	50000	2.05606	5	28
2.3	1	55000	1.73602	5	28
2.3	1	60000	1.82592	4	28
2.3	1	65000	1.87960	5	28
2.3	1	70000	1.90842	5	28
2.3	1	75000	1.78867	4	28
2.3	1	80000	2.24017	4	28
2.3	1	85000	1.58644	4	28
2.3	1	90000	2.05446	5	28
2.3	1	95000	2.11680	4	28
2.3	1	100000	1.50005	7	28
2.3	2	5000	2.24892	5	28
2.3	2	10000	1.92472	5	28
2.3	2	15000	1.80040	4	28
2.3	2	20000	2.19015	4	28
2.3	2	25000	1.56688	4	28
2.3	2	30000	1.84687	4	28
2.3	2	35000	1.79938	4	28
2.3	2	40000	1.94717	4	28
2.3	2	45000	1.96504	4	28
2.3	2	50000	1.59231	5	28
2.3	2	55000	2.01985	3	28
2.3	2	60000	1.98642	4	28
2.3	2	65000	1.98540	4	28
2.3	2	70000	2.27500	3	28
2.3	2	75000	2.25007	3	28
2.3	2	80000	2.18762	3	28
2.3	2	85000	2.14107	3	28
2.3	2	90000	2.00685	4	28
2.3	2	95000	1.95115	5	28
2.3	2	100000	2.07073	5	28
