arm	chi_tt	per_leaflet	spacing	u_per_lipid	fmax
span	0.70	16	1.4000	0.48738182	9.92e-07
span	0.70	16	1.4500	-1.09583372	9.91e-07
span	0.70	16	1.5000	-2.54822399	1.00e-06
span	0.70	16	1.5500	-3.87461516	9.97e-07
span	0.70	16	1.6000	-5.04945075	9.92e-07
span	0.70	16	1.6500	-6.06152699	9.88e-07
span	0.70	16	1.7000	-6.90553516	9.90e-07
span	0.70	16	1.7500	-7.56019491	9.91e-07
span	0.70	16	1.8000	-8.02646037	9.90e-07
span	0.70	16	1.8500	-8.30744105	9.86e-07
span	0.70	16	1.9000	-8.40694833	9.94e-07
span	0.70	16	1.9500	-8.33049503	1.00e-06
span	0.70	16	2.0000	-8.10767820	9.92e-07
span	0.70	16	2.0500	-7.87006966	9.94e-07
span	0.70	16	2.1000	-7.64729587	9.94e-07
span	0.70	16	2.1500	-7.44220124	9.97e-07
span	0.70	16	2.2000	-7.25660349	9.95e-07
span	0.70	16	2.2500	-7.08316221	9.99e-07
span	0.70	16	2.3000	-6.92065417	1.00e-06
span	0.70	16	2.3500	-6.76858879	9.97e-07
span	0.70	16	2.4000	-6.62409956	4.02e-06
span	0.70	16	2.4500	-6.48815730	3.21e-02
span	0.70	16	2.5000	-6.36430063	3.40e-02
span	0.70	16	2.5500	-6.24626928	2.90e-02
span	0.70	16	2.6000	-6.12358889	3.84e-02
span	0.70	16	2.6500	-5.99556526	5.02e-02
span	0.70	16	2.7000	-5.86272869	6.43e-02
span	0.70	24	1.4000	0.48738182	9.90e-07
span	0.70	24	1.4500	-1.09583372	9.91e-07
span	0.70	24	1.5000	-2.54822399	1.00e-06
span	0.70	24	1.5500	-3.87461516	9.97e-07
span	0.70	24	1.6000	-5.04945075	9.92e-07
span	0.70	24	1.6500	-6.06152699	9.88e-07
span	0.70	24	1.7000	-6.90553516	9.90e-07
span	0.70	24	1.7500	-7.56019491	9.91e-07
span	0.70	24	1.8000	-8.02646037	9.90e-07
span	0.70	24	1.8500	-8.30744105	9.86e-07
span	0.70	24	1.9000	-8.40694833	9.94e-07
span	0.70	24	1.9500	-8.33049503	1.00e-06
span	0.70	24	2.0000	-8.10767820	9.92e-07
span	0.70	24	2.0500	-7.87006966	9.94e-07
span	0.70	24	2.1000	-7.64729587	9.94e-07
span	0.70	24	2.1500	-7.44220124	9.97e-07
span	0.70	24	2.2000	-7.25660349	9.95e-07
span	0.70	24	2.2500	-7.08316221	9.99e-07
span	0.70	24	2.3000	-6.92065417	1.00e-06
span	0.70	24	2.3500	-6.76858879	9.97e-07
span	0.70	24	2.4000	-6.62409956	4.02e-06
span	0.70	24	2.4500	-6.48815730	3.21e-02
span	0.70	24	2.5000	-6.36430063	3.40e-02
span	0.70	24	2.5500	-6.24626928	2.90e-02
span	0.70	24	2.6000	-6.12358889	3.84e-02
span	0.70	24	2.6500	-5.99556526	5.02e-02
span	0.70	24	2.7000	-5.86272869	6.43e-02
span	0.70	32	1.4000	0.48738182	9.92e-07
span	0.70	32	1.4500	-1.09583372	9.91e-07
span	0.70	32	1.5000	-2.54822399	1.00e-06
span	0.70	32	1.5500	-3.87461516	9.97e-07
span	0.70	32	1.6000	-5.04945075	9.92e-07
span	0.70	32	1.6500	-6.06152699	9.88e-07
span	0.70	32	1.7000	-6.90553516	9.90e-07
span	0.70	32	1.7500	-7.56019491	9.91e-07
span	0.70	32	1.8000	-8.02646037	9.90e-07
span	0.70	32	1.8500	-8.30744105	9.86e-07
span	0.70	32	1.9000	-8.40694833	9.94e-07
span	0.70	32	1.9500	-8.33049503	1.00e-06
span	0.70	32	2.0000	-8.10767820	9.92e-07
span	0.70	32	2.0500	-7.87006966	9.94e-07
span	0.70	32	2.1000	-7.64729587	9.94e-07
span	0.70	32	2.1500	-7.44220124	9.97e-07
span	0.70	32	2.2000	-7.25660349	9.95e-07
span	0.70	32	2.2500	-7.08316221	9.99e-07
span	0.70	32	2.3000	-6.92065417	1.00e-06
span	0.70	32	2.3500	-6.76858879	9.97e-07
span	0.70	32	2.4000	-6.62409956	4.02e-06
span	0.70	32	2.4500	-6.48815730	3.21e-02
span	0.70	32	2.5000	-6.36430063	3.40e-02
span	0.70	32	2.5500	-6.24626928	2.90e-02
span	0.70	32	2.6000	-6.12358889	3.84e-02
span	0.70	32	2.6500	-5.99556526	5.02e-02
span	0.70	32	2.7000	-5.86272869	6.43e-02
span	1.10	16	1.4000	-7.52847639	9.97e-07
span	1.10	16	1.4500	-8.73910413	9.96e-07
span	1.10	16	1.5000	-9.85393810	9.95e-07
span	1.10	16	1.5500	-10.88212389	9.92e-07
span	1.10	16	1.6000	-11.78983151	9.98e-07
span	1.10	16	1.6500	-12.56041063	9.97e-07
span	1.10	16	1.7000	-13.17855559	9.92e-07
span	1.10	16	1.7500	-13.60934156	9.87e-07
span	1.10	16	1.8000	-13.85433118	9.95e-07
span	1.10	16	1.8500	-13.91857611	9.87e-07
span	1.10	16	1.9000	-13.80781271	9.91e-07
span	1.10	16	1.9500	-13.52938769	9.92e-07
span	1.10	16	2.0000	-13.11959494	9.89e-07
span	1.10	16	2.0500	-12.70869843	9.88e-07
span	1.10	16	2.1000	-12.32373832	9.93e-07
span	1.10	16	2.1500	-11.96907384	9.96e-07
span	1.10	16	2.2000	-11.64746111	9.93e-07
span	1.10	16	2.2500	-11.34730580	9.99e-07
span	1.10	16	2.3000	-11.06659793	9.89e-07
span	1.10	16	2.3500	-10.80601442	9.93e-07
span	1.10	16	2.4000	-10.55987559	3.47e-05
span	1.10	16	2.4500	-10.33065106	1.11e-02
span	1.10	16	2.5000	-10.12280302	1.24e-02
span	1.10	16	2.5500	-9.92451567	8.53e-03
span	1.10	16	2.6000	-9.71963824	1.35e-02
span	1.10	16	2.6500	-9.50806457	2.11e-02
span	1.10	16	2.7000	-9.29081052	3.22e-02
span	0.90	16	1.4000	-3.49576154	9.87e-07
span	0.90	16	1.4500	-4.89490306	9.93e-07
span	0.90	16	1.5000	-6.18075789	9.93e-07
span	0.90	16	1.5500	-7.36023056	1.00e-06
span	0.90	16	1.6000	-8.40347050	9.98e-07
span	0.90	16	1.6500	-9.29598362	9.92e-07
span	0.90	16	1.7000	-10.02743473	9.88e-07
span	0.90	16	1.7500	-10.57056601	9.99e-07
span	0.90	16	1.8000	-10.92664506	9.93e-07
span	0.90	16	1.8500	-11.09974806	9.85e-07
span	0.90	16	1.9000	-11.09464394	9.90e-07
span	0.90	16	1.9500	-10.91775750	9.91e-07
span	0.90	16	2.0000	-10.60193830	9.97e-07
span	0.90	16	2.0500	-10.27821840	9.92e-07
span	0.90	16	2.1000	-9.97488716	9.93e-07
span	0.90	16	2.1500	-9.69554166	9.89e-07
span	0.90	16	2.2000	-9.44246488	9.89e-07
span	0.90	16	2.2500	-9.20618330	9.98e-07
span	0.90	16	2.3000	-8.98507479	9.95e-07
span	0.90	16	2.3500	-8.77912990	9.90e-07
span	0.90	16	2.4000	-8.58406538	6.74e-06
span	0.90	16	2.4500	-8.40159428	1.90e-02
span	0.90	16	2.5000	-8.23607217	2.06e-02
span	0.90	16	2.5500	-8.07823966	1.59e-02
span	0.90	16	2.6000	-7.91478530	2.30e-02
span	0.90	16	2.6500	-7.74532403	3.29e-02
span	0.90	16	2.7000	-7.57062556	4.59e-02
span	0.50	16	1.4000	4.42422043	9.95e-07
span	0.50	16	1.4500	2.66131518	9.96e-07
span	0.50	16	1.5000	1.04675856	1.00e-06
span	0.50	16	1.5500	-0.42235545	9.88e-07
span	0.50	16	1.6000	-1.72520789	9.99e-07
span	0.50	16	1.6500	-2.85608632	9.85e-07
span	0.50	16	1.7000	-3.81185985	9.91e-07
span	0.50	16	1.7500	-4.57719195	9.91e-07
span	0.50	16	1.8000	-5.15270860	9.90e-07
span	0.50	16	1.8500	-5.54056201	9.97e-07
span	0.50	16	1.9000	-5.74361626	9.97e-07
span	0.50	16	1.9500	-5.76648219	9.94e-07
span	0.50	16	2.0000	-5.63569006	9.85e-07
span	0.50	16	2.0500	-5.48314099	9.94e-07
span	0.50	16	2.1000	-5.33987250	9.92e-07
span	0.50	16	2.1500	-5.20798519	9.94e-07
span	0.50	16	2.2000	-5.08883966	9.98e-07
span	0.50	16	2.2500	-4.97724200	9.91e-07
span	0.50	16	2.3000	-4.87237613	9.95e-07
span	0.50	16	2.3500	-4.77353828	9.88e-07
span	0.50	16	2.4000	-4.67915148	4.10e-06
span	0.50	16	2.4500	-4.58976596	5.32e-02
span	0.50	16	2.5000	-4.50687855	5.53e-02
span	0.50	16	2.5500	-4.42793938	5.10e-02
span	0.50	16	2.6000	-4.34524618	6.20e-02
span	0.50	16	2.6500	-4.25786295	7.45e-02
span	0.50	16	2.7000	-4.16611418	8.80e-02
span	0.30	16	1.4000	8.31822865	9.91e-07
span	0.30	16	1.4500	6.37986852	9.85e-07
span	0.30	16	1.5000	4.60731792	9.93e-07
span	0.30	16	1.5500	2.99963322	9.90e-07
span	0.30	16	1.6000	1.57038791	9.96e-07
span	0.30	16	1.6500	0.32141869	9.93e-07
span	0.30	16	1.7000	-0.74529807	9.94e-07
span	0.30	16	1.7500	-1.62041998	9.94e-07
span	0.30	16	1.8000	-2.30423386	9.90e-07
span	0.30	16	1.8500	-2.79794415	1.00e-06
span	0.30	16	1.9000	-3.10347793	9.92e-07
span	0.30	16	1.9500	-3.22455411	9.97e-07
span	0.30	16	2.0000	-3.18481378	9.87e-07
span	0.30	16	2.0500	-3.11629535	9.85e-07
span	0.30	16	2.1000	-3.05150824	9.98e-07
span	0.30	16	2.1500	-2.99181724	9.96e-07
span	0.30	16	2.2000	-2.93813433	9.87e-07
span	0.30	16	2.2500	-2.88742644	9.95e-07
span	0.30	16	2.3000	-2.83928976	9.88e-07
span	0.30	16	2.3500	-2.79313107	9.93e-07
span	0.30	16	2.4000	-2.74840174	6.65e-06
span	0.30	16	2.4500	-2.70574487	2.68e-02
span	0.30	16	2.5000	-2.66308542	8.79e-02
span	0.30	16	2.5500	-2.62237090	8.57e-02
span	0.30	16	2.6000	-2.57860467	9.61e-02
span	0.30	16	2.6500	-2.53088793	1.07e-01
span	0.30	16	2.7000	-2.47939992	1.17e-01
