arm	n_lip	seed	steps	check_every	enc_ckpts	old_ckpts	new_ckpts	first_new	best_score	largest_max	wall_s
0	160	306	1000000	10000	0	0	0	-1	0.2	114	3306.1
0	160	311	1000000	10000	5	0	0	-1	0.8	128	3307.3
0	160	305	1000000	10000	0	0	0	-1	0.0	160	3317.9
0	160	308	1000000	10000	9	8	69	250000	1.0	130	3320.2
0	160	309	1000000	10000	0	0	0	-1	0.6	143	3321.6
0	160	307	1000000	10000	0	0	0	-1	0.0	87	3327.6
0	160	304	1000000	10000	0	0	0	-1	0.6	68	3327.9
0	160	302	1000000	10000	11	0	2	730000	1.0	116	3328.8
0	160	310	1000000	10000	0	0	0	-1	0.0	77	3330.5
0	160	303	1000000	10000	0	0	0	-1	0.0	160	3332.9
0	160	301	1000000	10000	1	0	0	-1	0.2	103	3334.4
0	160	300	1000000	10000	0	0	0	-1	0.0	91	3348.0
0	160	315	1000000	10000	0	0	0	-1	0.0	142	3247.3
0	160	312	1000000	10000	20	0	0	-1	0.2	154	3274.6
0	160	313	1000000	10000	0	0	0	-1	0.0	81	3298.2
0	160	319	1000000	10000	1	0	0	-1	0.2	77	3281.4
0	160	314	1000000	10000	27	0	0	-1	0.2	156	3292.7
0	160	317	1000000	10000	0	0	0	-1	0.0	160	3283.4
0	160	318	1000000	10000	1	0	0	-1	0.6	60	3286.9
0	160	316	1000000	10000	57	39	58	390000	1.0	143	3303.0
