state	truth	score	topo	e1	sum_e	dominance	n_voids	facing	p_head	f_head	delta	l_tail	sigma	lumen_area	grid
pos_emergent_N112_sd903	VESICLE	1.9196	2.5195	2.5610	2.6032	0.9838	5	0.7619	0.8095	0.2000	0.0000	2.0098	0.9524	32.59	914
pos_emergent_N112_sd915	VESICLE	2.2752	2.7722	2.9198	3.0753	0.9494	9	0.8207	0.8566	0.2000	0.0000	2.0082	0.9484	41.69	918
pos_emergent_N160_sd509	VESICLE	1.6606	2.0781	2.1110	2.1444	0.9844	9	0.7991	0.8393	0.2000	0.0000	2.0037	0.9464	22.09	1099
pos_emergent_N56_sd904	VESICLE	1.8868	2.5731	2.6885	2.8090	0.9571	7	0.7333	0.7866	0.2000	0.0000	2.0052	0.9439	37.40	652
pos_ring_N70	VESICLE	4.0340	6.4960	6.6830	6.8754	0.9720	8	0.6210	0.6968	0.2000	0.0000	2.0077	0.9434	210.15	764
pos_ring_healed_N66	VESICLE	4.4079	6.9060	6.9060	6.9060	1.0000	1	0.6383	0.7106	0.2000	0.0000	2.0138	0.9485	222.64	760
marg_defect_ring_N59	MARGINAL	4.4029	5.6873	5.7363	5.7857	0.9915	7	0.7742	0.8193	0.2000	0.0000	2.0124	0.9499	158.03	758
marg_small_ring_N34	MARGINAL	1.2301	1.5330	1.6967	1.8779	0.9035	7	0.8024	0.8419	0.2000	0.0000	2.0035	0.9529	14.37	504
ctl_monolayer_N70_s1000	NOT	0.2973	6.9155	8.0411	9.3498	0.8600	17	0.0430	0.2344	0.2000	0.1328	1.9980	0.9500	265.03	758
ctl_monolayer_N70_s2000	NOT	0.0000	0.0622	0.2042	0.6696	0.3049	13	0.0000	0.1818	0.2000	0.1501	2.0061	0.9589	0.42	751
ctl_monolayer_N70_s250	NOT	0.0000	5.8678	8.3687	11.9355	0.7012	29	0.0000	0.0376	0.2000	1.5877	2.0505	0.9416	274.62	765
ctl_monolayer_N70_s500	NOT	0.0000	5.3145	7.6929	11.1357	0.6908	22	0.0000	0.0839	0.2000	1.1631	2.0163	0.9447	250.32	763
neg_arc075_N70	NOT	0.0089	0.0089	0.0166	0.0307	0.5400	2	1.0000	1.0000	0.2000	0.0000	2.0067	0.9519	0.00	757
neg_beaded_ring_N70	NOT	0.0000	0.0716	0.1473	0.3032	0.4859	5	0.0000	0.0000	0.2000	1.1564	2.0040	0.9525	0.21	756
neg_dispersed_N70	NOT	0.0000	0.0168	0.0432	0.1107	0.3898	7	0.0000	0.0000	0.2000	0.8613	2.0114	0.9555	0.01	754
neg_flat_N48	NOT	0.0000	0.0086	0.0382	0.1696	0.2253	10	0.0000	0.0000	0.2000	1.6474	2.0037	0.9516	0.02	1077
neg_micelles_N24	NOT	0.0000	0.0000	0.0000	0.0000	0.0000	0	0.0000	nan	nan	nan	2.0121	0.9421	0.00	680
neg_tangle_N160	NOT	0.0000	0.0077	0.0358	0.1677	0.2137	13	0.0000	0.0000	0.2000	0.9055	2.0064	0.9503	0.02	1095
neg_worm_N30	NOT	0.0000	0.0304	0.0417	0.0571	0.7295	3	0.0000	0.0000	0.2000	0.0167	2.0021	0.9540	0.01	504
