state	truth	G	dR	R_lum	R_bud	w	tau	A_lum_sig2	lipids_in_shell	n_enclosed	vesicle_call
ctl_monolayer_N70_s1000	NOT	inf	inf	0.000	nan	nan	4.996	0.00	0	0	0
ctl_monolayer_N70_s2000	NOT	inf	inf	0.000	nan	nan	5.012	0.00	0	0	0
ctl_monolayer_N70_s250	NOT	3.8313	3.8313	10.041	6.210	3.750	5.101	316.75	69	1	1
ctl_monolayer_N70_s500	NOT	inf	inf	0.000	nan	nan	5.033	0.00	0	1	1
marg_defect_ring_N59	MARGINAL	1.9001	1.9001	7.684	5.784	4.250	5.025	185.50	59	1	1
marg_small_ring_N34	MARGINAL	0.7523	0.7523	2.676	1.924	4.500	5.007	22.50	34	1	0
neg_arc075_N70	NOT	inf	inf	0.000	nan	nan	5.013	0.00	0	0	0
neg_beaded_ring_N70	NOT	inf	inf	0.000	nan	nan	5.008	0.00	0	0	0
neg_dispersed_N70	NOT	inf	inf	0.000	nan	nan	5.023	0.00	0	0	0
neg_flat_N48	NOT	inf	inf	0.000	nan	nan	5.007	0.00	0	0	0
neg_micelles_N24	NOT	inf	inf	0.000	nan	nan	5.024	0.00	0	0	0
neg_tangle_N160	NOT	inf	inf	0.000	nan	nan	5.013	0.00	0	0	0
neg_worm_N30	NOT	inf	inf	0.000	nan	nan	5.004	0.00	0	0	0
pos_emergent_N112_sd903	VESICLE	1.6870	1.6870	3.795	2.108	4.000	5.020	45.25	33	1	1
pos_emergent_N112_sd915	VESICLE	0.9176	0.9176	4.156	3.238	4.500	5.016	54.25	67	1	1
pos_emergent_N160_sd509	VESICLE	0.8102	0.8102	3.241	2.431	4.500	5.007	33.00	38	1	1
pos_emergent_N56_sd904	VESICLE	1.7048	1.7048	3.949	2.244	4.000	5.010	49.00	56	1	1
pos_ring_N70	VESICLE	0.7175	0.7175	8.681	7.963	4.750	5.015	236.75	70	1	1
pos_ring_healed_N66	VESICLE	2.1053	2.1053	8.974	6.869	4.250	5.028	253.00	66	1	1
_smallring/n20	unlabelled	inf	inf	0.000	nan	nan	5.018	0.00	0	0	0
_smallring/n24	unlabelled	inf	inf	0.000	nan	nan	5.012	0.00	0	0	0
_smallring/n28	unlabelled	inf	inf	0.000	nan	nan	5.051	0.00	0	0	0
_smallring/n32	unlabelled	0.3539	0.3539	1.995	1.641	4.750	5.008	12.50	32	1	0
_smallring/n33	unlabelled	0.4876	-0.4876	2.257	2.744	5.375	5.046	16.00	33	1	0
_smallring/n34	unlabelled	0.7523	0.7523	2.676	1.924	4.500	5.007	22.50	34	1	0
_smallring/n35	unlabelled	0.3773	0.3773	2.877	2.499	4.750	4.993	26.00	35	1	0
_smallring/n36	unlabelled	1.2671	1.2671	3.489	2.222	4.250	5.035	38.25	36	1	1
_smallring/n40	unlabelled	0.8390	0.8390	3.397	2.558	4.500	5.016	36.25	40	1	1
_smallring/n44	unlabelled	0.0208	0.0208	3.774	3.753	5.000	5.012	44.75	43	1	1
_smallring/n48	unlabelled	0.0206	0.0206	4.487	4.466	5.000	5.011	63.25	48	1	1
_smallring/n52	unlabelled	0.0415	0.0415	5.571	5.529	5.000	5.020	97.50	52	1	1
_smallring/n56	unlabelled	1.1933	1.1933	6.776	5.583	4.500	5.019	144.25	56	1	1
_defect/d10	unlabelled	inf	inf	0.000	nan	nan	5.027	0.00	0	0	0
_defect/d11	unlabelled	1.9001	1.9001	7.684	5.784	4.250	5.025	185.50	59	1	1
_defect/d12	unlabelled	inf	inf	0.000	nan	nan	5.001	0.00	0	0	0
_defect/d16	unlabelled	inf	inf	0.000	nan	nan	5.005	0.00	0	0	0
_defect/d20	unlabelled	inf	inf	0.000	nan	nan	5.014	0.00	0	0	0
_defect/d8	unlabelled	1.9747	1.9747	8.249	6.274	4.250	5.019	213.75	62	1	1
_mono/s0	unlabelled	6.3965	6.3965	10.863	4.467	3.000	5.235	370.75	70	1	1
_mono/s10000	unlabelled	inf	inf	0.000	nan	nan	5.020	0.00	0	0	0
_mono/s12000	unlabelled	inf	inf	0.000	nan	nan	5.006	0.00	0	0	0
_mono/s14000	unlabelled	inf	inf	0.000	nan	nan	5.014	0.00	0	0	0
_mono/s16000	unlabelled	inf	inf	0.000	nan	nan	5.015	0.00	0	0	0
_mono/s18000	unlabelled	inf	inf	0.000	nan	nan	5.024	0.00	0	0	0
_mono/s2000	unlabelled	inf	inf	0.000	nan	nan	5.012	0.00	0	0	0
_mono/s20000	unlabelled	inf	inf	0.000	nan	nan	5.018	0.00	0	0	0
_mono/s4000	unlabelled	inf	inf	0.000	nan	nan	5.024	0.00	0	0	0
_mono/s6000	unlabelled	inf	inf	0.000	nan	nan	5.022	0.00	0	0	0
_mono/s8000	unlabelled	inf	inf	0.000	nan	nan	5.008	0.00	0	0	0
_micelle/n24_L40.0_s100000	unlabelled	inf	inf	0.000	nan	nan	5.004	0.00	0	0	0
_micelle/n24_L40.0_s150000	unlabelled	inf	inf	0.000	nan	nan	5.013	0.00	0	0	0
_micelle/n24_L40.0_s200000	unlabelled	inf	inf	0.000	nan	nan	5.024	0.00	0	0	0
_micelle/n24_L40.0_s50000	unlabelled	inf	inf	0.000	nan	nan	5.024	0.00	0	0	0
_micelle/n30_L45.0_s100000	unlabelled	inf	inf	0.000	nan	nan	5.010	0.00	0	0	0
_micelle/n30_L45.0_s150000	unlabelled	inf	inf	0.000	nan	nan	5.041	0.00	0	0	0
_micelle/n30_L45.0_s50000	unlabelled	inf	inf	0.000	nan	nan	5.006	0.00	0	0	0
_tangle206/ck100000	unlabelled	inf	inf	0.000	nan	nan	5.021	0.00	0	0	0
_tangle206/ck125000	unlabelled	inf	inf	0.000	nan	nan	5.010	0.00	0	0	0
_tangle206/ck150000	unlabelled	inf	inf	0.000	nan	nan	5.013	0.00	0	0	0
_tangle206/ck175000	unlabelled	inf	inf	0.000	nan	nan	5.017	0.00	0	0	0
_tangle206/ck25000	unlabelled	inf	inf	0.000	nan	nan	5.021	0.00	0	0	0
_tangle206/ck50000	unlabelled	inf	inf	0.000	nan	nan	5.014	0.00	0	0	0
_tangle206/ck75000	unlabelled	inf	inf	0.000	nan	nan	5.010	0.00	0	0	0
_tangle306/ck100000	unlabelled	inf	inf	0.000	nan	nan	5.009	0.00	0	0	0
_tangle306/ck125000	unlabelled	inf	inf	0.000	nan	nan	5.011	0.00	0	0	0
_tangle306/ck150000	unlabelled	inf	inf	0.000	nan	nan	5.014	0.00	0	0	0
_tangle306/ck175000	unlabelled	inf	inf	0.000	nan	nan	5.019	0.00	0	0	0
_tangle306/ck25000	unlabelled	inf	inf	0.000	nan	nan	5.020	0.00	0	0	0
_tangle306/ck50000	unlabelled	inf	inf	0.000	nan	nan	5.017	0.00	0	0	0
_tangle306/ck75000	unlabelled	inf	inf	0.000	nan	nan	5.015	0.00	0	0	0
_tangle_ckpt/ck100000	unlabelled	inf	inf	0.000	nan	nan	5.016	0.00	0	0	0
_tangle_ckpt/ck125000	unlabelled	inf	inf	0.000	nan	nan	5.008	0.00	0	0	0
_tangle_ckpt/ck150000	unlabelled	inf	inf	0.000	nan	nan	5.008	0.00	0	0	0
_tangle_ckpt/ck175000	unlabelled	inf	inf	0.000	nan	nan	5.006	0.00	0	0	0
_tangle_ckpt/ck200000	unlabelled	inf	inf	0.000	nan	nan	5.014	0.00	0	0	0
_tangle_ckpt/ck225000	unlabelled	inf	inf	0.000	nan	nan	5.014	0.00	0	0	0
_tangle_ckpt/ck25000	unlabelled	inf	inf	0.000	nan	nan	5.015	0.00	0	0	0
_tangle_ckpt/ck250000	unlabelled	inf	inf	0.000	nan	nan	5.013	0.00	0	0	0
_tangle_ckpt/ck275000	unlabelled	inf	inf	0.000	nan	nan	5.013	0.00	0	0	0
_tangle_ckpt/ck50000	unlabelled	inf	inf	0.000	nan	nan	5.009	0.00	0	0	0
_tangle_ckpt/ck75000	unlabelled	inf	inf	0.000	nan	nan	5.024	0.00	0	0	0
