sweep	arm	L	steps	n_enclosed	lumen_cells	vesicle_call	largest_over_total	lumen_water_density	n_enc_at_bead_1.0_1.5_2.0_3.0
monolayer_decay	n_lip=70	45.0	0	1	1483	1	70/70		
monolayer_decay	n_lip=70	45.0	10000	0	0	0	66/70		
monolayer_decay	n_lip=70	45.0	12000	0	0	0	66/70		
monolayer_decay	n_lip=70	45.0	14000	0	0	0	66/70		
monolayer_decay	n_lip=70	45.0	16000	0	0	0	51/70		
monolayer_decay	n_lip=70	45.0	18000	0	0	0	55/70		
monolayer_decay	n_lip=70	45.0	2000	0	0	0	50/70		
monolayer_decay	n_lip=70	45.0	20000	0	0	0	70/70		
monolayer_decay	n_lip=70	45.0	4000	0	0	0	60/70		
monolayer_decay	n_lip=70	45.0	6000	0	0	0	60/70		
monolayer_decay	n_lip=70	45.0	8000	0	0	0	56/70		
ring_defect	n_dropped=10	45.0	20000	0	0	0	34/60	0.000	
ring_defect	n_dropped=11	45.0	20000	1	742	1	59/59	1.269	
ring_defect	n_dropped=12	45.0	20000	0	0	0	34/58	0.000	
ring_defect	n_dropped=16	45.0	20000	0	0	0	28/54	0.000	
ring_defect	n_dropped=20	45.0	20000	0	0	0	50/50	0.000	
ring_defect	n_dropped=8	45.0	20000	1	855	1	62/62	1.156	
ring_persistence	n_lip=34		0	1	143	0	34/34		1,1,1,0
ring_persistence	n_lip=34		100000	1	90	0	34/34		1,0,0,0
ring_persistence	n_lip=34		120000	2	45	0	34/34		2,0,0,0
ring_persistence	n_lip=34		140000	1	63	0	34/34		1,0,0,0
ring_persistence	n_lip=34		160000	1	43	0	34/34		1,0,0,0
ring_persistence	n_lip=34		180000	1	55	0	34/34		1,0,0,0
ring_persistence	n_lip=34		20000	1	90	0	34/34		1,1,1,0
ring_persistence	n_lip=34		200000	1	70	0	34/34		1,0,0,0
ring_persistence	n_lip=34		40000	1	47	0	34/34		1,0,0,0
ring_persistence	n_lip=34		60000	1	65	0	34/34		1,0,0,0
ring_persistence	n_lip=34		80000	1	53	0	34/34		1,0,0,0
ring_persistence	n_lip=36		0	1	155	1	36/36		1,1,1,1
ring_persistence	n_lip=36		100000	0	0	0	36/36		0,0,0,0
ring_persistence	n_lip=36		20000	1	153	1	36/36		1,1,1,1
ring_persistence	n_lip=36		40000	0	0	0	35/36		0,0,0,0
ring_persistence	n_lip=36		60000	0	0	0	36/36		0,0,0,0
ring_persistence	n_lip=36		80000	0	0	0	36/36		0,0,0,0
ring_persistence	n_lip=70		0	1	914	1	70/70		1,1,1,1
ring_persistence	n_lip=70		100000	1	1019	1	70/70		1,1,1,1
ring_persistence	n_lip=70		20000	1	979	1	70/70		1,1,1,1
ring_persistence	n_lip=70		40000	1	867	1	70/70		1,1,1,1
ring_persistence	n_lip=70		60000	1	1041	1	70/70		1,1,1,1
ring_persistence	n_lip=70		80000	1	920	1	70/70		1,1,1,1
ring_size	n_lip=32	29.08	20000	1	50	0	32/32	0.660	
ring_size	n_lip=33	29.53	20000	1	64	0	33/33	0.633	
ring_size	n_lip=34	29.97	20000	1	90	0	34/34	0.440	
ring_size	n_lip=35	30.41	20000	1	104	0	35/35	1.144	
ring_size	n_lip=36	30.84	20000	1	153	1	36/36	0.446	
ring_size	n_lip=40	32.51	20000	1	145	1	40/40	1.029	
ring_size	n_lip=44	34.09	20000	1	177	1	43/44	0.949	
ring_size	n_lip=48	35.61	20000	1	253	1	48/48	1.087	
ring_size	n_lip=52	37.07	20000	1	390	1	52/52	0.895	
ring_size	n_lip=56	38.46	20000	1	577	1	56/56	0.939	
tangle	seed=106	65.0	25000	0	0	0	24/160		
tangle	seed=106	65.0	50000	0	0	0	26/160		
tangle	seed=106	65.0	75000	0	0	0	27/160		
tangle	seed=106	65.0	100000	0	0	0	44/160		
tangle	seed=106	65.0	125000	0	0	0	47/160		
tangle	seed=106	65.0	150000	0	0	0	47/160		
tangle	seed=106	65.0	175000	0	0	0	47/160		
tangle	seed=106	65.0	200000	0	0	0	47/160		
tangle	seed=106	65.0	225000	0	0	0	46/160		
tangle	seed=106	65.0	250000	0	0	0	46/160		
tangle	seed=106	65.0	275000	0	0	0	46/160		
tangle	seed=206	65.0	25000	0	0	0	37/160		
tangle	seed=206	65.0	50000	0	0	0	54/160		
tangle	seed=206	65.0	75000	0	0	0	78/160		
tangle	seed=206	65.0	100000	0	0	0	78/160		
tangle	seed=206	65.0	125000	0	0	0	78/160		
tangle	seed=206	65.0	150000	0	0	0	78/160		
tangle	seed=206	65.0	175000	0	0	0	105/160		
tangle	seed=306	65.0	25000	0	0	0	23/160		
tangle	seed=306	65.0	50000	0	0	0	23/160		
tangle	seed=306	65.0	75000	0	0	0	43/160		
tangle	seed=306	65.0	100000	0	0	0	46/160		
tangle	seed=306	65.0	125000	0	0	0	46/160		
tangle	seed=306	65.0	150000	0	0	0	46/160		
tangle	seed=306	65.0	175000	0	0	0	46/160		
